name,opening_range_minutes,take_profit_r_level,stop_loss_pct,risk_per_trade_pct,total_trades,win_rate,total_return,return_pct,max_drawdown,profit_factor,sharpe_ratio,final_capital
Long OR,12,1,0.5,1.0,0,0.0,0.0,0.0,0.0,0.0,0.0,100000.0
Wide SL,6,1,0.7,1.0,2,0.0,-30659.40299479175,-30.65940299479175,-30.659402994791744,0.0,-3.3844564489065974,69340.59700520826
Conservative,6,1,0.3,0.5,2,0.0,-35920.500651041766,-35.92050065104176,-35.92050065104176,0.0,-3.3844564489065974,64079.49934895824
R3 Target,6,3,0.5,1.0,2,0.0,-39113.78125000012,-39.113781250000116,-39.113781250000116,0.0,-3.3844564489065982,60886.21874999989
R2 Target,6,2,0.5,1.0,2,0.0,-40941.78125000006,-40.94178125000006,-40.94178125000006,0.0,-3.3844564489065982,59058.21874999994
Default,6,1,0.5,1.0,2,0.0,-42053.78125000012,-42.053781250000114,-42.053781250000114,0.0,-3.3844564489065965,57946.21874999989
Short OR,3,1,0.5,1.0,2,0.0,-43812.14713541679,-43.812147135416794,-43.812147135416794,0.0,-3.3844564489065974,56187.852864583205
Aggressive,3,2,0.7,2.0,2,0.0,-58027.106770833416,-58.02710677083341,-58.02710677083341,0.0,-3.384456448906596,41972.893229166584
Tight SL,6,1,0.3,1.0,2,0.0,-63991.35481770851,-63.99135481770851,-63.99135481770851,0.0,-3.384456448906597,36008.64518229149
